Type,Real,Imaginary
zero,0.45000,0.34000
zero,-0.32000,-0.78000
pole,0.78000,0.56000
pole,-0.56000,-0.23000
zero,0.23000,0.67000
zero,-0.67000,0.45000
zero,0.34000,-0.89000
zero,-0.12000,0.67000
pole,0.90000,0.23000
pole,-0.45000,-0.34000