Type,Real,Imaginary
zero,0.47797,0.17733
zero,0.93799,-0.72377
pole,0.70373,-0.32740
pole,0.83310,0.10838
zero,-0.59711,0.48199
conj_zero,0.47152,0.26942
conj_zero,0.66290,0.61436
conj_zero,-0.10319,0.89327
conj_pole,0.23466,-0.35617
conj_pole,-0.31171,0.83599