Type,Real,Imaginary
zero,0.65913,0.19111
zero,-0.61365,0.12127
pole,-0.51515,-0.87515
pole,0.79276,-0.20123
zero,0.04316,-0.35707
conj_zero,-0.32789,0.33232
conj_zero,-0.76795,0.37442
conj_zero,0.89865,-0.26930
conj_pole,-0.13210,0.18094
conj_pole,0.40476,0.48452